[
  {
    "value": "yellowgreen",
    "synonyms": [
      "yellowgreen",
      "green",
      "yellow",
      "yellow discharge",
      "green discharge",
      "green gray",
      "gray",
      "grey"
    ]
  },
  {
    "value": "red",
    "synonyms": [
      "red",
      "spotting",
      "dark",
      "brown"
    ]
  },
  {
    "value": "cheese",
    "synonyms": [
      "cheese",
      "cottage cheese",
      "cheese like",
      "grainy",
      "thick"
    ]
  },
  {
    "value": "fish",
    "synonyms": [
      "fish",
      "smell like fish",
      "fishy smell",
      "smell"
    ]
  }
]