[
  {
    "value": "urination",
    "synonyms": [
      "urination",
      "pain when i pee",
      "pain with pee",
      "hurts when i pee",
      "painful pee",
      "painful urination"
    ]
  },
  {
    "value": "abdomen",
    "synonyms": [
      "abdomen",
      "lower abdomen",
      "painful abdomen",
      "belly",
      "painful belly",
      "abdomen hurts"
    ]
  },
  {
    "value": "sex",
    "synonyms": [
      "sex",
      "painful sex",
      "painful intercouse",
      "sex hurts",
      "intercourse",
      "pain during sex"
    ]
  }
]