[
  {
    "id": "cc1cad5b-82c6-4f67-9e0d-ac5b46540671",
    "data": [
      {
        "text": "right breast",
        "meta": "@breast",
        "alias": "breast",
        "userDefined": true
      }
    ],
    "isTemplate": false,
    "count": 0,
    "lang": "en",
    "updated": 0
  },
  {
    "id": "226890b7-c785-4735-98ed-3f047372d506",
    "data": [
      {
        "text": "left breast",
        "meta": "@breast",
        "alias": "breast",
        "userDefined": true
      }
    ],
    "isTemplate": false,
    "count": 0,
    "lang": "en",
    "updated": 0
  },
  {
    "id": "8e28ec4c-16a3-471e-be84-8263baf21c82",
    "data": [
      {
        "text": "breast",
        "meta": "@breast",
        "alias": "breast",
        "userDefined": true
      }
    ],
    "isTemplate": false,
    "count": 0,
    "lang": "en",
    "updated": 0
  },
  {
    "id": "fd6cb44a-8a4b-40cd-82e2-3f495ad37dfa",
    "data": [
      {
        "text": "lump",
        "meta": "@breast",
        "alias": "breast",
        "userDefined": true
      }
    ],
    "isTemplate": false,
    "count": 0,
    "lang": "en",
    "updated": 0
  },
  {
    "id": "c7c367eb-77bd-4d50-96f1-335d7c31a1b3",
    "data": [
      {
        "text": "breast lump",
        "meta": "@breast",
        "alias": "breast",
        "userDefined": true
      }
    ],
    "isTemplate": false,
    "count": 0,
    "lang": "en",
    "updated": 0
  }
]