[
  {
    "id": "d4a87dab-8c64-449e-b999-4ea458d11124",
    "data": [
      {
        "text": "Bacterial vaginosis",
        "userDefined": false
      }
    ],
    "isTemplate": false,
    "count": 0,
    "lang": "en",
    "updated": 0
  },
  {
    "id": "2593c6c8-7a83-498d-932f-8df3bcc66942",
    "data": [
      {
        "text": "Bacterial vaginosis (BV)",
        "userDefined": false
      }
    ],
    "isTemplate": false,
    "count": 0,
    "lang": "en",
    "updated": 0
  },
  {
    "id": "4443c30a-1bff-41e5-ae97-0a5e15797532",
    "data": [
      {
        "text": "BV",
        "userDefined": false
      }
    ],
    "isTemplate": false,
    "count": 0,
    "lang": "en",
    "updated": 0
  }
]