[
  {
    "id": "cc8c5c50-b53b-45cd-abe8-9f7bea45c8f4",
    "data": [
      {
        "text": "done",
        "userDefined": false
      }
    ],
    "isTemplate": false,
    "count": 1,
    "lang": "en",
    "updated": 0
  },
  {
    "id": "80530be5-5790-4153-90f7-fb9861ff1170",
    "data": [
      {
        "text": "stop",
        "userDefined": false
      }
    ],
    "isTemplate": false,
    "count": 0,
    "lang": "en",
    "updated": 0
  },
  {
    "id": "593d531a-b896-46fe-8661-3b334cbf3656",
    "data": [
      {
        "text": "end",
        "userDefined": false
      }
    ],
    "isTemplate": false,
    "count": 0,
    "lang": "en",
    "updated": 0
  },
  {
    "id": "04f7f27f-230e-4f18-9b00-e80cd9dc8df3",
    "data": [
      {
        "text": "end chat",
        "userDefined": false
      }
    ],
    "isTemplate": false,
    "count": 0,
    "lang": "en",
    "updated": 0
  }
]