[
  {
    "id": "f3531a20-2c46-470e-a343-167d6a3a0b49",
    "data": [
      {
        "text": "no",
        "meta": "@sex",
        "alias": "sex",
        "userDefined": false
      }
    ],
    "isTemplate": false,
    "count": 0,
    "lang": "en",
    "updated": 0
  },
  {
    "id": "6b0b78d9-b982-42c3-a8d3-79c0ef61a09d",
    "data": [
      {
        "text": "im ",
        "userDefined": false
      },
      {
        "text": "not active",
        "meta": "@sex",
        "alias": "sex",
        "userDefined": false
      }
    ],
    "isTemplate": false,
    "count": 0,
    "lang": "en",
    "updated": 0
  },
  {
    "id": "0dfafeea-49df-4a5c-8237-33758188b4e1",
    "data": [
      {
        "text": "sexually active",
        "meta": "@sex",
        "alias": "sex",
        "userDefined": false
      }
    ],
    "isTemplate": false,
    "count": 0,
    "lang": "en",
    "updated": 0
  },
  {
    "id": "c42beac7-1833-45b4-ab6f-a309bf7dc066",
    "data": [
      {
        "text": "im active",
        "meta": "@sex",
        "alias": "sex",
        "userDefined": false
      }
    ],
    "isTemplate": false,
    "count": 0,
    "lang": "en",
    "updated": 0
  }
]