[
  {
    "id": "af1c7468-07b3-4756-8a8d-93e435e26b37",
    "data": [
      {
        "text": "im feeling good",
        "meta": "@mood",
        "alias": "mood",
        "userDefined": false
      }
    ],
    "isTemplate": false,
    "count": 1,
    "lang": "en",
    "updated": 0
  },
  {
    "id": "f3369bd2-f813-48b0-9213-e04f35be061a",
    "data": [
      {
        "text": "awesome",
        "meta": "@mood",
        "alias": "mood",
        "userDefined": false
      }
    ],
    "isTemplate": false,
    "count": 0,
    "lang": "en",
    "updated": 0
  },
  {
    "id": "cfbda754-b38e-45dc-860b-6cb566fdcac2",
    "data": [
      {
        "text": "bad",
        "meta": "@mood",
        "alias": "mood",
        "userDefined": false
      }
    ],
    "isTemplate": false,
    "count": 0,
    "lang": "en",
    "updated": 0
  },
  {
    "id": "8e622277-4d1e-4b8f-95c9-a6f7e21d686b",
    "data": [
      {
        "text": "good",
        "meta": "@mood",
        "alias": "mood",
        "userDefined": false
      }
    ],
    "isTemplate": false,
    "count": 0,
    "lang": "en",
    "updated": 0
  }
]