[
  {
    "id": "82003bf1-58ec-4cfa-ad82-eecc67d67766",
    "data": [
      {
        "text": "not painful",
        "userDefined": false
      }
    ],
    "isTemplate": false,
    "count": 0,
    "lang": "en",
    "updated": 0
  },
  {
    "id": "d64ff75d-a3c2-491b-8dcb-b0eab3405b46",
    "data": [
      {
        "text": "no pain",
        "userDefined": false
      }
    ],
    "isTemplate": false,
    "count": 0,
    "lang": "en",
    "updated": 0
  },
  {
    "id": "e19d1061-3c5d-4521-8ac0-58bbaa6a1e58",
    "data": [
      {
        "text": "no",
        "userDefined": false
      }
    ],
    "isTemplate": false,
    "count": 0,
    "lang": "en",
    "updated": 0
  },
  {
    "id": "a23dd131-37d4-4feb-9b10-e66f734f4028",
    "data": [
      {
        "text": "pain in urination, hurts during",
        "meta": "@pain",
        "alias": "pain",
        "userDefined": false
      },
      {
        "text": " sex",
        "userDefined": false
      }
    ],
    "isTemplate": false,
    "count": 0,
    "lang": "en",
    "updated": 0
  },
  {
    "id": "ad69e646-5180-4028-9a29-e906640eef69",
    "data": [
      {
        "text": "it ",
        "userDefined": false
      },
      {
        "text": "hurts during",
        "meta": "@sys.ignore",
        "userDefined": false
      },
      {
        "text": " ",
        "userDefined": false
      },
      {
        "text": "sex",
        "meta": "@pain",
        "alias": "pain",
        "userDefined": false
      }
    ],
    "isTemplate": false,
    "count": 0,
    "lang": "en",
    "updated": 0
  },
  {
    "id": "1361fa4c-bb78-4327-abf0-924f87070a8b",
    "data": [
      {
        "text": "pain in urination",
        "meta": "@pain",
        "alias": "pain",
        "userDefined": false
      }
    ],
    "isTemplate": false,
    "count": 0,
    "lang": "en",
    "updated": 0
  },
  {
    "id": "8a182057-d260-4507-a340-2bf791540cb9",
    "data": [
      {
        "text": "hurts when i pee",
        "meta": "@pain",
        "alias": "pain",
        "userDefined": false
      }
    ],
    "isTemplate": false,
    "count": 0,
    "lang": "en",
    "updated": 0
  }
]