[
  {
    "id": "36d6eded-4f25-47de-b635-68fda406ce04",
    "data": [
      {
        "text": "No",
        "userDefined": false
      }
    ],
    "isTemplate": false,
    "count": 0,
    "lang": "en",
    "updated": 0
  },
  {
    "id": "a7de82f2-2c5b-450c-9698-e69de92a602a",
    "data": [
      {
        "text": "no ",
        "userDefined": false
      },
      {
        "text": "smell",
        "meta": "@sys.ignore",
        "userDefined": false
      }
    ],
    "isTemplate": false,
    "count": 0,
    "lang": "en",
    "updated": 0
  },
  {
    "id": "717d8b7c-be49-4e63-b7c0-a7efec00fc67",
    "data": [
      {
        "text": "no irregularity",
        "userDefined": false
      }
    ],
    "isTemplate": false,
    "count": 0,
    "lang": "en",
    "updated": 0
  },
  {
    "id": "7bb1e96d-a4b4-4c73-8a33-e01a1ad645a4",
    "data": [
      {
        "text": "no ",
        "userDefined": false
      },
      {
        "text": "discharge",
        "meta": "@sys.ignore",
        "userDefined": false
      }
    ],
    "isTemplate": false,
    "count": 1,
    "lang": "en",
    "updated": 0
  },
  {
    "id": "2d21b164-c1b1-424c-9805-b8fedec697fb",
    "data": [
      {
        "text": "cheese",
        "meta": "@discharge",
        "alias": "discharge",
        "userDefined": false
      }
    ],
    "isTemplate": false,
    "count": 0,
    "lang": "en",
    "updated": 0
  },
  {
    "id": "dfc20bde-7073-42c2-8df3-75f3c0d514b6",
    "data": [
      {
        "text": "spotting",
        "meta": "@discharge",
        "alias": "discharge",
        "userDefined": false
      }
    ],
    "isTemplate": false,
    "count": 0,
    "lang": "en",
    "updated": 0
  },
  {
    "id": "6f8cff0d-3074-404b-9be3-e26a30ba8512",
    "data": [
      {
        "text": "red",
        "meta": "@discharge",
        "alias": "discharge",
        "userDefined": false
      }
    ],
    "isTemplate": false,
    "count": 0,
    "lang": "en",
    "updated": 0
  },
  {
    "id": "58830917-6c5b-427d-9ac1-bed059abdeae",
    "data": [
      {
        "text": "grey",
        "meta": "@discharge",
        "alias": "discharge",
        "userDefined": false
      }
    ],
    "isTemplate": false,
    "count": 0,
    "lang": "en",
    "updated": 0
  },
  {
    "id": "f0dee54b-d4d9-4784-a39b-11744363cba0",
    "data": [
      {
        "text": "green",
        "meta": "@discharge",
        "alias": "discharge",
        "userDefined": false
      }
    ],
    "isTemplate": false,
    "count": 0,
    "lang": "en",
    "updated": 0
  },
  {
    "id": "c0b3098f-e84f-4c6e-9ce8-5c44394e3250",
    "data": [
      {
        "text": "yellow",
        "meta": "@discharge",
        "alias": "discharge",
        "userDefined": false
      }
    ],
    "isTemplate": false,
    "count": 0,
    "lang": "en",
    "updated": 0
  }
]