[
  {
    "id": "919065e8-bcae-4a1f-a9e7-ce0340a2eeb3",
    "data": [
      {
        "text": "i have",
        "meta": "@sys.ignore",
        "userDefined": false
      },
      {
        "text": " symptoms",
        "userDefined": false
      }
    ],
    "isTemplate": false,
    "count": 1,
    "lang": "en",
    "updated": 0
  },
  {
    "id": "43bbe0ad-6170-462a-ab93-b644d5dd6637",
    "data": [
      {
        "text": "feeling",
        "meta": "@sys.ignore",
        "userDefined": false
      },
      {
        "text": " sick",
        "userDefined": false
      }
    ],
    "isTemplate": false,
    "count": 0,
    "lang": "en",
    "updated": 0
  },
  {
    "id": "d315bdd5-48b6-42b6-8db6-2cf72d4dce27",
    "data": [
      {
        "text": "i am ",
        "userDefined": false
      },
      {
        "text": "worried",
        "meta": "@sys.ignore",
        "userDefined": false
      },
      {
        "text": " about some symptoms",
        "userDefined": false
      }
    ],
    "isTemplate": false,
    "count": 1,
    "lang": "en",
    "updated": 0
  }
]