[
  {
    "id": "b73030b8-392e-4589-8d8c-39c47d1f2129",
    "data": [
      {
        "text": "tricho",
        "userDefined": false
      }
    ],
    "isTemplate": false,
    "count": 0,
    "lang": "en",
    "updated": 0
  },
  {
    "id": "517b65b6-3302-44d8-9731-472a8ee872c0",
    "data": [
      {
        "text": "Trich",
        "userDefined": false
      }
    ],
    "isTemplate": false,
    "count": 0,
    "lang": "en",
    "updated": 0
  },
  {
    "id": "1bb42058-7881-4eed-a089-5fbddfdf3c7d",
    "data": [
      {
        "text": "Trichomoniasis",
        "userDefined": false
      }
    ],
    "isTemplate": false,
    "count": 0,
    "lang": "en",
    "updated": 0
  }
]