[
  {
    "id": "5a1f45ff-806e-484f-bac5-fbb096272afb",
    "data": [
      {
        "text": "All the timee",
        "meta": "@positive-pcos",
        "alias": "positive-pcos",
        "userDefined": false
      }
    ],
    "isTemplate": false,
    "count": 0,
    "lang": "en",
    "updated": 0
  },
  {
    "id": "c4573864-cf2b-4de5-b472-4caf531a68f7",
    "data": [
      {
        "text": "Omg ",
        "userDefined": false
      },
      {
        "text": "yes",
        "meta": "@positive-pcos",
        "alias": "positive-pcos",
        "userDefined": false
      }
    ],
    "isTemplate": false,
    "count": 0,
    "lang": "en",
    "updated": 0
  },
  {
    "id": "6ba6346a-1512-4911-ac1c-da4b9c9d194b",
    "data": [
      {
        "text": "Hell ",
        "userDefined": false
      },
      {
        "text": "yeah",
        "meta": "@positive-pcos",
        "alias": "positive-pcos",
        "userDefined": true
      }
    ],
    "isTemplate": false,
    "count": 0,
    "lang": "en",
    "updated": 0
  },
  {
    "id": "46687813-ba72-4272-a3f4-aca6be1d5e15",
    "data": [
      {
        "text": "Always",
        "meta": "@positive-pcos",
        "alias": "positive-pcos",
        "userDefined": false
      }
    ],
    "isTemplate": false,
    "count": 0,
    "lang": "en",
    "updated": 0
  },
  {
    "id": "311dce9d-a4aa-4c07-81a0-67457bff64aa",
    "data": [
      {
        "text": "Frequently",
        "meta": "@positive-pcos",
        "alias": "positive-pcos",
        "userDefined": false
      }
    ],
    "isTemplate": false,
    "count": 0,
    "lang": "en",
    "updated": 0
  },
  {
    "id": "700e3d36-2805-466b-93ca-28b57b0e7ccd",
    "data": [
      {
        "text": "Very ",
        "userDefined": false
      },
      {
        "text": "often",
        "meta": "@positive-pcos",
        "alias": "positive-pcos",
        "userDefined": false
      }
    ],
    "isTemplate": false,
    "count": 0,
    "lang": "en",
    "updated": 0
  },
  {
    "id": "1152a794-0c53-4a05-a974-0ae7d057b11a",
    "data": [
      {
        "text": "Yes",
        "meta": "@positive-pcos",
        "alias": "positive-pcos",
        "userDefined": false
      }
    ],
    "isTemplate": false,
    "count": 0,
    "lang": "en",
    "updated": 0
  }
]