[
  {
    "id": "18e63ec3-d94b-4f07-ad6f-ee960ea480e0",
    "data": [
      {
        "text": "Like one or two",
        "meta": "@maybe-pcos",
        "alias": "maybe-pcos",
        "userDefined": true
      }
    ],
    "isTemplate": false,
    "count": 0,
    "lang": "en",
    "updated": 0
  },
  {
    "id": "0cefd596-4dc5-4249-b814-4e6af14f5b0e",
    "data": [
      {
        "text": "Maybe",
        "meta": "@maybe-pcos",
        "alias": "maybe-pcos",
        "userDefined": true
      }
    ],
    "isTemplate": false,
    "count": 0,
    "lang": "en",
    "updated": 0
  },
  {
    "id": "8e653e2d-b561-4a1b-9561-b3872e06b14e",
    "data": [
      {
        "text": "Not sure",
        "meta": "@maybe-pcos",
        "alias": "maybe-pcos",
        "userDefined": true
      }
    ],
    "isTemplate": false,
    "count": 0,
    "lang": "en",
    "updated": 0
  },
  {
    "id": "b52c9c5d-0baa-4740-a3cf-b6de5bb9866e",
    "data": [
      {
        "text": "Almost never",
        "meta": "@maybe-pcos",
        "alias": "maybe-pcos",
        "userDefined": true
      }
    ],
    "isTemplate": false,
    "count": 0,
    "lang": "en",
    "updated": 0
  },
  {
    "id": "176ab63e-547d-4407-92e9-db3a19a1ce72",
    "data": [
      {
        "text": "No",
        "meta": "@maybe-pcos",
        "alias": "maybe-pcos",
        "userDefined": true
      }
    ],
    "isTemplate": false,
    "count": 0,
    "lang": "en",
    "updated": 0
  },
  {
    "id": "8db8a897-2fa1-42f3-a895-6d918577f2b0",
    "data": [
      {
        "text": "Rarely",
        "meta": "@maybe-pcos",
        "alias": "maybe-pcos",
        "userDefined": true
      }
    ],
    "isTemplate": false,
    "count": 1,
    "lang": "en",
    "updated": 0
  },
  {
    "id": "16e1a089-18cc-4a25-bf2c-f764fda2c1af",
    "data": [
      {
        "text": "some of them",
        "meta": "@maybe-pcos",
        "alias": "maybe-pcos",
        "userDefined": true
      }
    ],
    "isTemplate": false,
    "count": 0,
    "lang": "en",
    "updated": 0
  },
  {
    "id": "1f4d302b-2423-44fc-a8f3-4881529a6ff4",
    "data": [
      {
        "text": "Not really",
        "meta": "@maybe-pcos",
        "alias": "maybe-pcos",
        "userDefined": true
      }
    ],
    "isTemplate": false,
    "count": 0,
    "lang": "en",
    "updated": 0
  }
]