[
  {
    "id": "05faf99f-9dc8-43bc-b60d-a840196621fa",
    "data": [
      {
        "text": "Early ",
        "userDefined": false
      },
      {
        "text": "periods",
        "meta": "@menstruation",
        "alias": "menstruation",
        "userDefined": false
      }
    ],
    "isTemplate": false,
    "count": 0,
    "lang": "en",
    "updated": 0
  },
  {
    "id": "ba044d70-f307-4a70-8a29-919c7ddcdd01",
    "data": [
      {
        "text": "not",
        "meta": "@sys.ignore",
        "userDefined": false
      },
      {
        "text": " having ",
        "userDefined": false
      },
      {
        "text": "periods",
        "meta": "@menstruation",
        "alias": "menstruation",
        "userDefined": false
      }
    ],
    "isTemplate": false,
    "count": 0,
    "lang": "en",
    "updated": 0
  },
  {
    "id": "7259b4d4-2494-4378-ad02-7d2d35ce9b8d",
    "data": [
      {
        "text": "My ",
        "userDefined": false
      },
      {
        "text": "periods delay",
        "meta": "@menstruation",
        "alias": "menstruation",
        "userDefined": false
      }
    ],
    "isTemplate": false,
    "count": 0,
    "lang": "en",
    "updated": 0
  },
  {
    "id": "5fb0644c-ff9b-4334-9b0a-10b940eda86a",
    "data": [
      {
        "text": "I am ",
        "userDefined": false
      },
      {
        "text": "having",
        "meta": "@sys.ignore",
        "userDefined": false
      },
      {
        "text": " ",
        "userDefined": false
      },
      {
        "text": "cramps",
        "meta": "@menstruation",
        "alias": "menstruation",
        "userDefined": false
      }
    ],
    "isTemplate": false,
    "count": 0,
    "lang": "en",
    "updated": 0
  }
]